{"1": [[0, 0, 0, 0, 0, 0, 0, 0, 0, 0, 0, 0, 0, 0, 0, 0, 0, 0], [0, 0, 0, 0, 0, 0, 0, 0, 0, 0, 0, 0, 0, 0, 0, 0, 0, 0], [0, 0, 0, 0, 0, 0, 0, 0, 0, 0, 0, 0, 0, 0, 0, 0, 0, 0], [0, 0, 0, 0, 0, 0, 0, 0, 0, 0, 0, 0, 0, 0, 0, 0, 0, 0], [0, 0, 0, 0, 0, 0, 0, 0, 0, 0, 0, 0, 0, 0, 0, 0, 0, 0], [0, 0, 0, 0, 0, 0, 0, 0, 0, 0, 0, 0, 0, 0, 0, 0, 0, 0], [0, 0, 0, 0, 0, 0, 0, 0, 0, 0, 0, 0, 0, 0, 0, 0, 0, 24], [3, 0, 0, 0, 0, 0, 0, 0, 0, 0, 0, 0, 0, 0, 0, 0, 1, 2], [9, 0, 0, 0, 0, 0, 17, 0, 17, 0, 0, 0, 0, 0, 0, 0, 8, 7], [9, 0, 0, 0, 0, 0, 4, 5, 6, 0, 0, 21, 0, 17, 1, 12, 10, 7], [11, 13, 2, 3, 19, 19, 19, 19, 19, 19, 19, 1, 2, 2, 10, 7, 7, 7], [7, 7, 7, 9, 20, 20, 20, 20, 20, 20, 20, 8, 7, 7, 7, 7, 7, 7]], "2": [[0, 0, 0, 0, 0, 0, 0, 0, 0, 0, 0, 0, 0, 0, 0, 0, 0, 0], [0, 0, 0, 0, 0, 0, 0, 0, 0, 0, 0, 0, 0, 0, 0, 0, 0, 0], [0, 0, 0, 0, 0, 0, 0, 0, 0, 0, 0, 0, 0, 0, 0, 0, 0, 0], [0, 0, 0, 0, 0, 0, 0, 0, 0, 0, 0, 0, 0, 0, 0, 0, 0, 0], [0, 0, 0, 0, 0, 0, 0, 0, 0, 0, 0, 0, 0, 0, 0, 0, 0, 0], [0, 0, 0, 0, 0, 0, 0, 0, 0, 0, 0, 0, 0, 24, 0, 0, 0, 0], [0, 0, 0, 0, 0, 0, 0, 0, 0, 0, 0, 0, 4, 5, 6, 0, 0, 0], [2, 2, 2, 3, 0, 0, 0, 0, 0, 0, 0, 0, 0, 0, 0, 0, 0, 22], [7, 7, 7, 9, 0, 0, 0, 0, 0, 0, 0, 0, 0, 0, 0, 0, 4, 5], [7, 7, 7, 9, 21, 17, 0, 0, 0, 0, 0, 0, 0, 0, 0, 29, 0, 0], [7, 7, 7, 11, 2, 3, 19, 19, 1, 2, 2, 3, 0, 0, 4, 5, 6, 0], [7, 7, 7, 7, 7, 9, 20, 20, 8, 7, 7, 9, 19, 19, 19, 19, 19, 19]], "3": [[0, 0, 0, 0, 0, 0, 0, 0, 0, 0, 0, 0, 0, 0, 0, 0, 0, 8], [0, 0, 0, 0, 0, 0, 0, 0, 0, 0, 0, 0, 0, 0, 0, 0, 0, 8], [0, 0, 0, 0, 0, 0, 0, 0, 0, 0, 0, 0, 0, 0, 0, 24, 0, 8], [0, 0, 0, 0, 0, 0, 0, 0, 0, 0, 0, 0, 0, 0, 4, 5, 5, 10], [0, 0, 0, 0, 0, 0, 0, 0, 0, 0, 29, 0, 0, 0, 0, 0, 0, 0], [0, 0, 0, 0, 0, 0, 0, 0, 0, 4, 5, 6, 0, 0, 17, 0, 0, 0], [0, 0, 0, 0, 0, 0, 0, 0, 0, 0, 0, 0, 0, 4, 5, 6, 0, 0], [0, 0, 0, 0, 0, 0, 0, 0, 0, 0, 0, 0, 0, 0, 0, 0, 0, 1], [0, 0, 0, 0, 0, 0, 0, 0, 0, 0, 0, 0, 0, 0, 0, 0, 0, 8], [2, 2, 3, 0, 0, 17, 17, 17, 0, 0, 1, 3, 0, 29, 0, 21, 1, 10], [7, 7, 9, 0, 0, 4, 5, 6, 0, 0, 8, 11, 13, 2, 2, 2, 10, 7], [7, 7, 9, 19, 19, 19, 19, 19, 19, 19, 8, 7, 7, 7, 7, 7, 7, 7]], "4": [[0, 0, 0, 0, 0, 0, 0, 0, 0, 0, 0, 0, 0, 0, 0, 0, 0, 0], [0, 0, 0, 0, 0, 0, 0, 0, 0, 0, 0, 0, 0, 0, 0, 0, 0, 0], [0, 0, 0, 0, 0, 0, 0, 0, 0, 0, 0, 0, 0, 0, 0, 0, 0, 24], [0, 0, 0, 0, 0, 0, 0, 0, 0, 0, 0, 0, 0, 0, 0, 0, 4, 5], [0, 0, 0, 0, 0, 0, 0, 0, 0, 0, 0, 0, 0, 0, 29, 0, 0, 0], [0, 0, 0, 0, 0, 0, 0, 0, 0, 0, 0, 0, 0, 4, 5, 6, 0, 0], [0, 0, 0, 0, 0, 0, 0, 23, 0, 0, 0, 0, 0, 0, 0, 0, 0, 0], [0, 0, 0, 0, 0, 0, 0, 0, 0, 0, 0, 0, 23, 0, 0, 0, 0, 1], [0, 0, 0, 0, 0, 0, 0, 27, 0, 0, 0, 0, 27, 0, 0, 0, 0, 8], [0, 0, 0, 0, 0, 0, 4, 5, 6, 0, 0, 4, 5, 6, 0, 0, 1, 10], [0, 0, 1, 3, 15, 15, 15, 15, 15, 15, 15, 15, 15, 15, 15, 15, 8, 7], [2, 2, 10, 9, 16, 16, 16, 16, 16, 16, 16, 16, 16, 16, 16, 16, 8, 7]], "5": [[0, 0, 0, 0, 0, 0, 0, 0, 0, 0, 0, 0, 0, 0, 0, 0, 0, 0], [0, 0, 0, 0, 0, 0, 0, 0, 0, 0, 0, 0, 0, 0, 0, 0, 0, 0], [0, 0, 0, 0, 0, 0, 0, 0, 0, 0, 0, 0, 23, 0, 0, 0, 0, 0], [0, 0, 0, 0, 0, 0, 0, 24, 0, 0, 0, 0, 0, 0, 0, 0, 0, 0], [0, 0, 0, 0, 0, 0, 4, 5, 6, 0, 0, 17, 27, 0, 0, 0, 0, 0], [0, 0, 0, 0, 0, 0, 0, 0, 0, 0, 0, 4, 5, 6, 0, 0, 0, 0], [0, 0, 0, 0, 0, 0, 0, 0, 0, 0, 0, 0, 0, 0, 0, 0, 4, 5], [0, 0, 0, 0, 17, 0, 0, 17, 0, 0, 17, 0, 0, 0, 0, 29, 0, 21], [0, 0, 0, 0, 0, 0, 0, 0, 0, 0, 0, 0, 0, 1, 2, 2, 2, 2], [2, 2, 3, 0, 26, 0, 0, 26, 0, 0, 26, 0, 0, 8, 7, 7, 7, 7], [7, 7, 9, 0, 0, 0, 0, 0, 0, 0, 0, 0, 0, 8, 7, 7, 7, 7], [7, 7, 9, 19, 19, 19, 19, 19, 19, 19, 19, 19, 19, 8, 7, 7, 7, 7]]}